ph_cpnA_vec,ph_cpnB_vec,sample,segment,logr_vec
3.42258642343257,2.087513661701635,U_LTXSIM001_SU_T1.R1,3_10077023_10191734,0.56941918880018
4.16472325180151,1.536080666089915,U_LTXSIM001_SU_T1.R1,3_10077023_10191734,0.616303668405716
4.26877956538538,1.355005599491335,U_LTXSIM001_SU_T1.R1,3_10077023_10191734,0.597551657091037
3.97692147904958,2.289681983818225,U_LTXSIM001_SU_T1.R1,3_10077023_10191734,0.747060694930635
3.44241234675289,2.167114790957375,U_LTXSIM001_SU_T1.R1,3_10077023_10191734,0.594053310978216
4.0230785209504205,1.912486338298365,U_LTXSIM001_SU_T1.R1,3_10077023_10191734,0.672002656973926
3.3187506853151603,2.0000000000000004,U_LTXSIM001_SU_T1.R2,3_10077023_10191734,0.271293623628701
4.036695108811711,1.4900667215632406,U_LTXSIM001_SU_T1.R2,3_10077023_10191734,0.299697960868893
4.07559369685915,1.4492733591966804,U_LTXSIM001_SU_T1.R2,3_10077023_10191734,0.299441733305502
3.445715805114121,3.3391312501643404,U_LTXSIM001_SU_T1.R2,3_10077023_10191734,0.460507147948259
4.000000000000001,2.0931905763043503,U_LTXSIM001_SU_T1.R2,3_10077023_10191734,0.374324658200163
4.273296359778935,2.66742311534942,U_LTXSIM001_SU_T1.R3,3_10077023_10191734,0.427571956986403
3.758579669659345,2.0784230358408697,U_LTXSIM001_SU_T1.R3,3_10077023_10191734,0.207620734719186
3.8763511263572346,1.725412410534,U_LTXSIM001_SU_T1.R3,3_10077023_10191734,0.156069268496151
3.8578561932820734,1.86020932741391,U_LTXSIM001_SU_T1.R3,3_10077023_10191734,0.181786505222435
4.212357526053025,2.01023990921712,U_LTXSIM001_SU_T1.R3,3_10077023_10191734,0.288329698367394
4.524908866395895,1.8398392377298296,U_LTXSIM001_SU_T1.R3,3_10077023_10191734,0.316979978801091
4.211129350777904,1.9486546095144897,U_LTXSIM001_SU_T1.R3,3_10077023_10191734,0.275486182372443
4.045776858244015,2.3160465908084498,U_LTXSIM001_SU_T1.R3,3_10077023_10191734,0.316396214779191
4.299236532879265,1.98976009078288,U_LTXSIM001_SU_T1.R3,3_10077023_10191734,0.301783209586079
4.117691130166064,2.15453077100216,U_LTXSIM001_SU_T1.R3,3_10077023_10191734,0.298396214779192
3.4378551915924844,1.81918248168303,U_LTXSIM001_SU_T1.R3,3_10077023_10191734,0.0770324321450537
3.4932246817334844,2.57610871862353,U_LTXSIM001_SU_T1.R3,3_10077023_10191734,0.256788482207728
4.838776659144775,3.07887524540247,U_LTXSIM001_SU_T1.R3,3_10077023_10191734,0.597704987066563
3.954223141755985,1.72261754698869,U_LTXSIM001_SU_T1.R3,3_10077023_10191734,0.172723035925336
4.523052753291255,2.10182762923401,U_LTXSIM001_SU_T1.R3,3_10077023_10191734,0.367979978801091
4.425218881281484,1.9713035492904,U_LTXSIM001_SU_T1.R3,3_10077023_10191734,0.323306988562929
4.623872923119874,2.08673125891103,U_LTXSIM001_SU_T1.R3,3_10077023_10191734,0.384399104320649
4.0864032468719245,2.27809848705971,U_LTXSIM001_SU_T1.R3,3_10077023_10191734,0.316930812178617
3.6151450178975546,2.27729389152138,U_LTXSIM001_SU_T1.R3,3_10077023_10191734,0.219505718934012
3.4633291972967246,1.9310795315999296,U_LTXSIM001_SU_T1.R3,3_10077023_10191734,0.109048912078971
3.6318082160485146,2.07570382816232,U_LTXSIM001_SU_T1.R3,3_10077023_10191734,0.17947169168021
3.890725418717495,1.52668019826068,U_LTXSIM001_SU_T1.R3,3_10077023_10191734,0.114339948430762
3.3945356035756244,1.69921011326,U_LTXSIM001_SU_T1.R3,3_10077023_10191734,0.0380266729843436
3.4054846384991446,1.91926263700468,U_LTXSIM001_SU_T1.R3,3_10077023_10191734,0.0929020211705115
4.13148313011195,2.0952616620720947,U_LTXSIM001_SU_T1.R1,11_65545995_65629325,0.705418598889348
4.247068892885189,1.965782115486035,U_LTXSIM001_SU_T1.R1,11_65545995_65629325,0.702872015947536
3.8888833562498695,2.122532345797945,U_LTXSIM001_SU_T1.R1,11_65545995_65629325,0.665436950878469
3.93076610702352,2.081639629121465,U_LTXSIM001_SU_T1.R1,11_65545995_65629325,0.665623336248185
3.9116422095696097,1.509186229913165,U_LTXSIM001_SU_T1.R1,11_65545995_65629325,0.549726230390507
2.959909572835929,1.990359232834995,U_LTXSIM001_SU_T1.R1,11_65545995_65629325,0.4503912032736
4.09911348258576,1.741557951786115,U_LTXSIM001_SU_T1.R1,11_65545995_65629325,0.632926728449922
6.054486056828909,-0.829783639785649,U_LTXSIM001_SU_T1.R1,11_65545995_65629325,0.509152022135118
3.3721703795690496,1.853124002404875,U_LTXSIM001_SU_T1.R1,11_65545995_65629325,0.509276219807882
4.17135264455297,2.039433885814635,U_LTXSIM001_SU_T1.R1,11_65545995_65629325,0.702493235184236
3.4296778535448795,2.009640767165005,U_LTXSIM001_SU_T1.R1,11_65545995_65629325,0.553493235184236
3.50892129927536,2.065352377110365,U_LTXSIM001_SU_T1.R1,11_65545995_65629325,0.580693728573169
4.06923389297648,2.3620672607558246,U_LTXSIM001_SU_T1.R1,11_65545995_65629325,0.742400464872949
4.49425692117371,1.9387857761538847,U_LTXSIM001_SU_T1.R1,11_65545995_65629325,0.742711284876948
4.131483130111951,2.095261662072096,U_LTXSIM001_SU_T1.R2,11_65545995_65629325,0.705418598889348
4.24706889288519,1.9657821154860355,U_LTXSIM001_SU_T1.R2,11_65545995_65629325,0.702872015947536
3.8888833562498704,2.122532345797945,U_LTXSIM001_SU_T1.R2,11_65545995_65629325,0.665436950878469
3.930766107023521,2.081639629121465,U_LTXSIM001_SU_T1.R2,11_65545995_65629325,0.665623336248185
3.9116422095696106,1.5091862299131655,U_LTXSIM001_SU_T1.R2,11_65545995_65629325,0.549726230390507
2.9599095728359304,1.9903592328349955,U_LTXSIM001_SU_T1.R2,11_65545995_65629325,0.4503912032736
4.099113482585761,1.7415579517861155,U_LTXSIM001_SU_T1.R2,11_65545995_65629325,0.632926728449922
6.05448605682891,-0.8297836397856485,U_LTXSIM001_SU_T1.R2,11_65545995_65629325,0.509152022135118
3.3721703795690505,1.853124002404876,U_LTXSIM001_SU_T1.R2,11_65545995_65629325,0.509276219807882
4.171352644552971,2.039433885814636,U_LTXSIM001_SU_T1.R2,11_65545995_65629325,0.702493235184236
3.4296778535448804,2.0096407671650054,U_LTXSIM001_SU_T1.R2,11_65545995_65629325,0.553493235184236
3.5089212992753605,2.065352377110366,U_LTXSIM001_SU_T1.R2,11_65545995_65629325,0.580693728573169
4.069233892976481,2.362067260755825,U_LTXSIM001_SU_T1.R2,11_65545995_65629325,0.742400464872949
4.494256921173711,1.9387857761538856,U_LTXSIM001_SU_T1.R2,11_65545995_65629325,0.742711284876948
5.81463680026881,2.7848252818159,U_LTXSIM001_SU_T1.R3,11_65545995_65629325,0.231999337028083
5.89949004524024,1.8794813998537097,U_LTXSIM001_SU_T1.R3,11_65545995_65629325,0.174051509909828
4.0,2.52695177539204,U_LTXSIM001_SU_T1.R3,11_65545995_65629325,0.0808819956091061
3.2872868815006493,2.0,U_LTXSIM001_SU_T1.R3,11_65545995_65629325,-0.0177051291947414
3.3192427904686594,-0.4683308294993621,U_LTXSIM001_SU_T1.R3,11_65545995_65629325,-0.233616778731969
2.2900609149294087,2.09935052899685,U_LTXSIM001_SU_T1.R1,16_81211548_81816818,0.321022271722061
1.8846637284289387,2.22655359926653,U_LTXSIM001_SU_T1.R1,16_81211548_81816818,0.257746386389666
2.4133221045493185,2.25640936997099,U_LTXSIM001_SU_T1.R1,16_81211548_81816818,0.382092680061306
2.3412624191485785,1.59741294401027,U_LTXSIM001_SU_T1.R1,16_81211548_81816818,0.217059600206988
1.6103962174643889,2.13078839918853,U_LTXSIM001_SU_T1.R1,16_81211548_81816818,0.169036306984998
2.1717389041849486,2.0,U_LTXSIM001_SU_T1.R1,16_81211548_81816818,0.271750312000485
1.8207430956168489,1.57490179443279,U_LTXSIM001_SU_T1.R1,16_81211548_81816818,0.0809638235339269
2.1671821653449386,1.6345638594001402,U_LTXSIM001_SU_T1.R1,16_81211548_81816818,0.183933527392212
1.9083249776281184,1.81991326073089,U_LTXSIM001_SU_T1.R1,16_81211548_81816818,0.165831631788985
1.8871234450179384,2.04910904681907,U_LTXSIM001_SU_T1.R1,16_81211548_81816818,0.216475233377575
2.211533223735658,2.47385687992695,U_LTXSIM001_SU_T1.R1,16_81211548_81816818,0.385429006822134
1.8076547757302384,1.82071682026461,U_LTXSIM001_SU_T1.R1,16_81211548_81816818,0.140868995491201
1.9112663698615384,1.89084108253091,U_LTXSIM001_SU_T1.R1,16_81211548_81816818,0.184021973150911
0.9538409078225432,2.123291807276916,U_LTXSIM001_SU_T1.R2,16_81211548_81816818,-0.0422414881417515
1.1798328569733814,1.6453752719279051,U_LTXSIM001_SU_T1.R2,16_81211548_81816818,-0.0756437198030385
0.4153747321597091,2.385741915387275,U_LTXSIM001_SU_T1.R2,16_81211548_81816818,-0.0788788556151992
1.9554257185125312,1.216596788275505,U_LTXSIM001_SU_T1.R2,16_81211548_81816818,-0.0298580465696179
1.1968410435666512,2.342889273127396,U_LTXSIM001_SU_T1.R2,16_81211548_81816818,0.0171495024362171
0.4706671260836881,2.012058510655216,U_LTXSIM001_SU_T1.R2,16_81211548_81816818,-0.122329924113192
0.3774792843690142,2.112061298413795,U_LTXSIM001_SU_T1.R2,16_81211548_81816818,-0.121386044815739
1.0761723164076722,2.0249158456749354,U_LTXSIM001_SU_T1.R2,16_81211548_81816818,-0.0391051763973103
1.2288660406389411,1.5334757458997754,U_LTXSIM001_SU_T1.R2,16_81211548_81816818,-0.0841010384041571
0.8859776643780232,2.718231499741945,U_LTXSIM001_SU_T1.R2,16_81211548_81816818,0.0252368861292926
1.346271384462121,3.2601361416776955,U_LTXSIM001_SU_T1.R2,16_81211548_81816818,0.145438424046108
0.8084496323190692,1.7474316622444754,U_LTXSIM001_SU_T1.R2,16_81211548_81816818,-0.11222988767387
0.6687320942327781,2.313014582778356,U_LTXSIM001_SU_T1.R2,16_81211548_81816818,-0.0547977521590753
1.393842458922041,2.8494658421452854,U_LTXSIM001_SU_T1.R2,16_81211548_81816818,0.103036890134521
2.2693451610462514,3.162117304729445,U_LTXSIM001_SU_T1.R2,16_81211548_81816818,0.237389980232893
1.4202288198619812,1.987941489344785,U_LTXSIM001_SU_T1.R2,16_81211548_81816818,0.0005063670417598
0.3717528833237571,1.4583031676943954,U_LTXSIM001_SU_T1.R2,16_81211548_81816818,-0.215713234386128
1.074746545775766,1.0071373091227154,U_LTXSIM001_SU_T1.R2,16_81211548_81816818,-0.178962360529563
1.8969698765372311,1.1391685723353957,U_LTXSIM001_SU_T1.R2,16_81211548_81816818,-0.0476244359961133
1.269695011189131,1.850371989512296,U_LTXSIM001_SU_T1.R2,16_81211548_81816818,-0.036625247198283
0.4371805467145311,1.8977381536767053,U_LTXSIM001_SU_T1.R2,16_81211548_81816818,-0.142954811523728
0.8318148404549691,1.5545664104101653,U_LTXSIM001_SU_T1.R2,16_81211548_81816818,-0.135740252704478
2.3204052817766687,-0.2047937126471872,U_LTXSIM001_SU_T1.R3,16_81211548_81816818,-0.150902797611985
2.020084728012649,1.4794027930083649,U_LTXSIM001_SU_T1.R3,16_81211548_81816818,0.0192511580190772
1.1109602223690789,1.9515182563465048,U_LTXSIM001_SU_T1.R3,16_81211548_81816818,-0.0323452128862526
0.4511227747951897,1.8278678985111148,U_LTXSIM001_SU_T1.R3,16_81211548_81816818,-0.129737991710497
1.1157753134864588,2.308042970042665,U_LTXSIM001_SU_T1.R3,16_81211548_81816818,0.0104481820949814
1.9506754852104689,2.429957024768815,U_LTXSIM001_SU_T1.R3,16_81211548_81816818,0.11798972783276
1.0399010831427846,1.5922942130183049,U_LTXSIM001_SU_T1.R3,16_81211548_81816818,-0.0850167526934372
0.3469056097575017,0.9872161716172588,U_LTXSIM001_SU_T1.R3,16_81211548_81816818,-0.256670475367559
1.6514424527182288,3.5252641121900647,U_LTXSIM001_SU_T1.R3,16_81211548_81816818,0.20173310017176
2.1235901876980487,3.1347955559693848,U_LTXSIM001_SU_T1.R3,16_81211548_81816818,0.210056701011952
2.3671895400318586,2.6780461329847447,U_LTXSIM001_SU_T1.R3,16_81211548_81816818,0.188233739743471
1.6243510211998888,1.4222134634281547,U_LTXSIM001_SU_T1.R3,16_81211548_81816818,-0.0342594034917211
3.054369048590909,1.2128618523121248,U_LTXSIM001_SU_T1.R3,16_81211548_81816818,0.105654787113747
3.511948163865109,2.1232765801239246,U_LTXSIM001_SU_T1.R3,16_81211548_81816818,0.247848954010096
0.5868809830520237,2.873794389347145,U_LTXSIM001_SU_T1.R3,16_81211548_81816818,0.0147426592448755
1.285293883034479,2.462785666509575,U_LTXSIM001_SU_T1.R3,16_81211548_81816818,0.0477987266610882
2.078518828996849,1.5856743264466548,U_LTXSIM001_SU_T1.R3,16_81211548_81816818,0.0382284746882597
1.9483685152315384,0.3586088006286008,U_LTXSIM001_SU_T1.R3,16_81211548_81816818,-0.126143431961726
2.5967335067842385,1.7445555765144447,U_LTXSIM001_SU_T1.R3,16_81211548_81816818,0.113722194408779
0.1377406289787804,3.4021359670351248,U_LTXSIM001_SU_T1.R3,16_81211548_81816818,0.0239279240495082
1.7416186736510086,2.665509358406415,U_LTXSIM001_SU_T1.R3,16_81211548_81816818,0.120856568038274
2.3492396652504985,1.946372052357615,U_LTXSIM001_SU_T1.R3,16_81211548_81816818,0.108751738826281
2.945872624406489,1.4145459771416948,U_LTXSIM001_SU_T1.R3,16_81211548_81816818,0.115798726661088
1.0353093597091796,2.876013536147455,U_LTXSIM001_SU_T1.R3,16_81211548_81816818,0.0662424521530257
1.8388137744923188,2.4117910298457645,U_LTXSIM001_SU_T1.R3,16_81211548_81816818,0.103837432930226
6.791728684815049,-4.617650361108225,U_LTXSIM001_SU_T1.R3,16_81211548_81816818,-0.143293047475621
1.0069837134993598,1.1728158594453948,U_LTXSIM001_SU_T1.R3,16_81211548_81816818,-0.142550548878681
1.4871980437945187,2.638969544411555,U_LTXSIM001_SU_T1.R3,16_81211548_81816818,0.0901623550173577
0.3118962083815028,2.2168606880545747,U_LTXSIM001_SU_T1.R3,16_81211548_81816818,-0.0979707476485972
1.0344043792340127,2.137526451796155,U_LTXSIM001_SU_T1.R3,16_81211548_81816818,-0.0192482611737194
0.7894568741349007,3.677873783203725,U_LTXSIM001_SU_T1.R3,16_81211548_81816818,0.127349447821624
0.9789938768957248,2.0388378909259948,U_LTXSIM001_SU_T1.R3,16_81211548_81816818,-0.0377219202434967
1.3202024150189988,2.223320943793345,U_LTXSIM001_SU_T1.R3,16_81211548_81816818,0.0243494478216242
1.1701156766768188,0.7154267949034158,U_LTXSIM001_SU_T1.R3,16_81211548_81816818,-0.181243406847768
1.6985159786100987,0.8261311946181658,U_LTXSIM001_SU_T1.R3,16_81211548_81816818,-0.0984878345777519
2.6400543744530687,-0.0887683130581082,U_LTXSIM001_SU_T1.R3,16_81211548_81816818,-0.0951394076383437
2.6348200039679885,-0.1119006512525102,U_LTXSIM001_SU_T1.R3,16_81211548_81816818,-0.098705284959014
2.0771063856797887,2.1462218612637147,U_LTXSIM001_SU_T1.R3,16_81211548_81816818,0.100850937629673
0.8541539375577718,0.5287818946195337,U_LTXSIM001_SU_T1.R3,16_81211548_81816818,-0.249831962290099
1.0840795575331588,1.649236383414565,U_LTXSIM001_SU_T1.R3,16_81211548_81816818,-0.0724644682465426
1.0227985751604407,2.7000853189892347,U_LTXSIM001_SU_T1.R3,16_81211548_81816818,0.04493092302195
1.6763546187703289,1.9744540894918248,U_LTXSIM001_SU_T1.R3,16_81211548_81816818,0.0366956084961807
0.2741072348150717,2.155673452871195,U_LTXSIM001_SU_T1.R3,16_81211548_81816818,-0.110475779711709
0.8004999643724288,1.5086203414920047,U_LTXSIM001_SU_T1.R3,16_81211548_81816818,-0.125868558535954
2.090963894281059,3.6732143496079246,U_LTXSIM001_SU_T1.R3,16_81211548_81816818,0.260557327953175
1.9098303706978588,2.678364693562795,U_LTXSIM001_SU_T1.R3,16_81211548_81816818,0.140297163822467
3.4094996432344087,0.0889557099026075,U_LTXSIM001_SU_T1.R3,16_81211548_81816818,0.0191314414640457
1.3736566465539588,1.6644203474865649,U_LTXSIM001_SU_T1.R3,16_81211548_81816818,-0.035281347846284
1.0770975136722476,1.2548740566352747,U_LTXSIM001_SU_T1.R3,16_81211548_81816818,-0.12294076314755
1.4368819763588587,1.5662961403135949,U_LTXSIM001_SU_T1.R3,16_81211548_81816818,-0.0394910046342932
1.1250269368543788,2.025545910508175,U_LTXSIM001_SU_T1.R3,16_81211548_81816818,-0.0217946152221707
1.7704753273168887,2.5144421920179347,U_LTXSIM001_SU_T1.R3,16_81211548_81816818,0.107585554395691
2.4306349141150587,-0.5451160278514602,U_LTXSIM001_SU_T1.R3,16_81211548_81816818,-0.181246550126634
1.3976721409865387,2.193110033666205,U_LTXSIM001_SU_T1.R3,16_81211548_81816818,0.0298009119907276
1.9299714154585788,1.5548428433824049,U_LTXSIM001_SU_T1.R3,16_81211548_81816818,0.0175483377833693
1.7281043740442188,1.8907826387914548,U_LTXSIM001_SU_T1.R3,16_81211548_81816818,0.0330331590907363
8.351754736358679,-4.610385745045916,U_LTXSIM001_SU_T1.R3,16_81211548_81816818,0.0470354786165268
1.3992062452607388,2.311013878470394,U_LTXSIM001_SU_T1.R3,16_81211548_81816818,0.0434873599656378
1.098186362437349,1.1607761155800649,U_LTXSIM001_SU_T1.R3,16_81211548_81816818,-0.132315890279123
2.350232698990889,2.4673604470368846,U_LTXSIM001_SU_T1.R3,16_81211548_81816818,0.164556595843316
1.3741185431535088,1.7132211934070547,U_LTXSIM001_SU_T1.R3,16_81211548_81816818,-0.0293598880799215
0.5244519252147998,2.531703925202035,U_LTXSIM001_SU_T1.R3,16_81211548_81816818,-0.0331054165763584
1.0237701804671246,2.1822904864476347,U_LTXSIM001_SU_T1.R3,16_81211548_81816818,-0.0151885201058009
1.8852995504719088,2.1696678143401646,U_LTXSIM001_SU_T1.R3,16_81211548_81816818,0.0822790774102639
1.5506647011145789,1.384579231226425,U_LTXSIM001_SU_T1.R3,16_81211548_81816818,-0.0477209225897361
1.1877468498066088,0.8560901904541648,U_LTXSIM001_SU_T1.R3,16_81211548_81816818,-0.160299841897877
1.3812303111748587,1.4802047224239148,U_LTXSIM001_SU_T1.R3,16_81211548_81816818,-0.0567160720190471
0.7274154582909768,1.001006226847997,U_LTXSIM001_SU_T1.R3,16_81211548_81816818,-0.202336747591814
0.9692628510435628,0.2246519611411747,U_LTXSIM001_SU_T1.R3,16_81211548_81816818,-0.276494716360251
1.8985016841386488,3.003207910076025,U_LTXSIM001_SU_T1.R3,16_81211548_81816818,0.173350892980263
0.5157424394602927,3.772360579237095,U_LTXSIM001_SU_T1.R3,16_81211548_81816818,0.107933026359679
1.4237915635660987,3.1192040738850246,U_LTXSIM001_SU_T1.R3,16_81211548_81816818,0.135468723712188
1.2515661823241588,2.121020085448295,U_LTXSIM001_SU_T1.R3,16_81211548_81816818,0.0044574674383502
0.5400315346608667,2.7890514449005046,U_LTXSIM001_SU_T1.R3,16_81211548_81816818,-0.000649107019737
2.183860339629039,2.617348257727355,U_LTXSIM001_SU_T1.R3,16_81211548_81816818,0.162837350787044
1.2915077496807488,2.927139292548545,U_LTXSIM001_SU_T1.R3,16_81211548_81816818,0.100337772970779
2.53612605128338,2.1579572103731,U_LTXSIM001_SU_T1.R1,1_6204266_6634901,0.39007668332616
3.12025663976588,1.5610313834823395,U_LTXSIM001_SU_T1.R1,1_6204266_6634901,0.386698553214911
3.07552535146769,2.1518673400287,U_LTXSIM001_SU_T1.R1,1_6204266_6634901,0.524273938780306
3.59312988321403,2.4798925683961297,U_LTXSIM001_SU_T1.R1,1_6204266_6634901,0.714371203481875
3.1699107713047,1.7531100757153997,U_LTXSIM001_SU_T1.R1,1_6204266_6634901,0.449219824641605
2.92203999529502,2.13914938759906,U_LTXSIM001_SU_T1.R1,1_6204266_6634901,0.483775029227612
2.67959067530343,2.3817481838086896,U_LTXSIM001_SU_T1.R1,1_6204266_6634901,0.483811967804445
3.22579756537657,1.8800626032356,U_LTXSIM001_SU_T1.R1,1_6204266_6634901,0.494772198722719
2.63408081428814,1.87188125568934,U_LTXSIM001_SU_T1.R1,1_6204266_6634901,0.339595045179577
2.64567756297247,1.7658837004434698,U_LTXSIM001_SU_T1.R1,1_6204266_6634901,0.313581389679529
3.0,2.4880132447362,U_LTXSIM001_SU_T1.R1,1_6204266_6634901,0.585575483844369
3.23270032917841,1.2371302604120098,U_LTXSIM001_SU_T1.R1,1_6204266_6634901,0.32969376585958
3.10183006198206,1.3670222546562898,U_LTXSIM001_SU_T1.R1,1_6204266_6634901,0.329424738011427
3.18292233784104,2.78946927015584,U_LTXSIM001_SU_T1.R1,1_6204266_6634901,0.693019221429249
2.71774140822014,2.0214673325451096,U_LTXSIM001_SU_T1.R1,1_6204266_6634901,0.401927723653605
2.89492397767561,2.0,U_LTXSIM001_SU_T1.R1,1_6204266_6634901,0.442090533902189
2.73781428201819,1.7771941174003,U_LTXSIM001_SU_T1.R1,1_6204266_6634901,0.342063453102713
3.0130196661877,2.23812026966684,U_LTXSIM001_SU_T1.R1,1_6204266_6634901,0.529968732775588
2.67798584446941,1.9265602693750496,U_LTXSIM001_SU_T1.R1,1_6204266_6634901,0.366269871399313
2.723990946788691,1.9934968101076405,U_LTXSIM001_SU_T1.R2,1_6204266_6634901,0.208487111171552
2.6510228010209813,1.9981560444650008,U_LTXSIM001_SU_T1.R2,1_6204266_6634901,0.193472078004594
3.048650291985811,2.3360406065432304,U_LTXSIM001_SU_T1.R2,1_6204266_6634901,0.347470219266039
2.782958100493461,2.0823698912863504,U_LTXSIM001_SU_T1.R2,1_6204266_6634901,0.24045857172572
2.083544693593052,1.7678266868404005,U_LTXSIM001_SU_T1.R2,1_6204266_6634901,0.0054532567835273
3.004785135836121,2.0799242577718404,U_LTXSIM001_SU_T1.R2,1_6204266_6634901,0.286632616557246
3.547550900675901,2.0000000000000004,U_LTXSIM001_SU_T1.R2,1_6204266_6634901,0.379455057860851
2.362335759372281,1.9518464537744704,U_LTXSIM001_SU_T1.R2,1_6204266_6634901,0.117485256551868
2.992384567863351,1.4967446635617103,U_LTXSIM001_SU_T1.R2,1_6204266_6634901,0.157667088338538
3.000000000000001,1.4891257699033904,U_LTXSIM001_SU_T1.R2,1_6204266_6634901,0.157666304265667
3.217614671101631,1.5696987822627706,U_LTXSIM001_SU_T1.R2,1_6204266_6634901,0.2236757222166
3.740040180336511,2.40883576487733,U_LTXSIM001_SU_T1.R2,1_6204266_6634901,0.491765379173375
3.728331378557061,2.4205401081968305,U_LTXSIM001_SU_T1.R2,1_6204266_6634901,0.491764578047723
3.786507383699921,1.9873665721815303,U_LTXSIM001_SU_T1.R2,1_6204266_6634901,0.422758173993312
2.874139707156471,1.8961082266005904,U_LTXSIM001_SU_T1.R2,1_6204266_6634901,0.219978337978975
3.076407462483191,1.9284236450037504,U_LTXSIM001_SU_T1.R2,1_6204266_6634901,0.269990907703923
2.559027711585801,2.2665653308004505,U_LTXSIM001_SU_T1.R2,1_6204266_6634901,0.23193500249656
3.225425615834781,2.5314837634151903,U_LTXSIM001_SU_T1.R2,1_6204266_6634901,0.419556967765677
3.423785051765821,1.0966099348200704,U_LTXSIM001_SU_T1.R2,1_6204266_6634901,0.164731799310908
3.136868753123441,2.4280267405350604,U_LTXSIM001_SU_T1.R2,1_6204266_6634901,0.382820033765801
2.6994798966936413,1.4551428859962006,U_LTXSIM001_SU_T1.R2,1_6204266_6634901,0.0798354977077695
2.3868128360409613,2.2758404430872106,U_LTXSIM001_SU_T1.R2,1_6204266_6634901,0.196446301889974
3.471060376186111,1.8548168412946104,U_LTXSIM001_SU_T1.R2,1_6204266_6634901,0.335742998295139
2.845275606215852,1.9901411226221104,U_LTXSIM001_SU_T1.R2,1_6204266_6634901,0.234046978380725
1.985097356335431,2.3913600398627906,U_LTXSIM001_SU_T1.R2,1_6204266_6634901,0.131917244685176
3.042411458661101,1.8774166678320203,U_LTXSIM001_SU_T1.R2,1_6204266_6634901,0.252068125494573
2.440210134327771,2.1184959627685007,U_LTXSIM001_SU_T1.R2,1_6204266_6634901,0.173341553740046
2.806142480591511,1.8917908891372504,U_LTXSIM001_SU_T1.R2,1_6204266_6634901,0.204204787316098
2.784961682954581,2.3069143445773106,U_LTXSIM001_SU_T1.R2,1_6204266_6634901,0.288116359407003
3.238919457778611,2.2283477714396507,U_LTXSIM001_SU_T1.R2,1_6204266_6634901,0.363776381793012
2.651099869859911,2.0331169697869504,U_LTXSIM001_SU_T1.R2,1_6204266_6634901,0.201193324788121
3.048471750731081,2.6000477481053403,U_LTXSIM001_SU_T1.R2,1_6204266_6634901,0.398934454909462
3.599694267932321,2.8803035111065607,U_LTXSIM001_SU_T1.R2,1_6204266_6634901,0.550069370680148
3.225817382988911,3.2541515386651003,U_LTXSIM001_SU_T1.R2,1_6204266_6634901,0.550064390762982
3.162610054045341,1.8536434366764405,U_LTXSIM001_SU_T1.R2,1_6204266_6634901,0.272382422845325
2.929468054882421,1.9595912690200208,U_LTXSIM001_SU_T1.R2,1_6204266_6634901,0.24552527900102
2.592904446597331,2.4521242457979704,U_LTXSIM001_SU_T1.R2,1_6204266_6634901,0.278389599322607
3.243064332669259,1.6863559224773248,U_LTXSIM001_SU_T1.R3,1_6204266_6634901,0.328586737859504
3.60760964402281,1.3217054633317848,U_LTXSIM001_SU_T1.R3,1_6204266_6634901,0.328570769797674
4.132299288486799,2.095639391545865,U_LTXSIM001_SU_T1.R3,1_6204266_6634901,0.513420190217074
3.5380987849532595,2.082169706459145,U_LTXSIM001_SU_T1.R3,1_6204266_6634901,0.429861168429646
2.55381003707848,2.001869967056245,U_LTXSIM001_SU_T1.R3,1_6204266_6634901,0.270683115688902
2.4885296303883195,2.2426273463345945,U_LTXSIM001_SU_T1.R3,1_6204266_6634901,0.298159421751673
2.755186774554949,2.112446893031315,U_LTXSIM001_SU_T1.R3,1_6204266_6634901,0.319173045828616
2.756375992997189,2.1112576745890745,U_LTXSIM001_SU_T1.R3,1_6204266_6634901,0.319173045828616
2.690389501618429,2.442096942819936,U_LTXSIM001_SU_T1.R3,1_6204266_6634901,0.35909984882397
2.303701780453169,1.4046478721037547,U_LTXSIM001_SU_T1.R3,1_6204266_6634901,0.13010407132538
3.1402998731884493,2.040103084136965,U_LTXSIM001_SU_T1.R3,1_6204266_6634901,0.366206734936618
3.4096512815544595,1.997316766489115,U_LTXSIM001_SU_T1.R3,1_6204266_6634901,0.399344303825121
3.0065857413262496,2.1887783050703744,U_LTXSIM001_SU_T1.R3,1_6204266_6634901,0.368418582266843
3.4448947043424094,1.8937018418826548,U_LTXSIM001_SU_T1.R3,1_6204266_6634901,0.389424184738079
3.947322830366699,1.878139748151245,U_LTXSIM001_SU_T1.R3,1_6204266_6634901,0.458621362583195
2.883707366505789,0.998957779279802,U_LTXSIM001_SU_T1.R3,1_6204266_6634901,0.16016499999575
3.500639827240119,2.2116696276290746,U_LTXSIM001_SU_T1.R3,1_6204266_6634901,0.442832671146584
3.037419401594309,1.9999302691614549,U_LTXSIM001_SU_T1.R3,1_6204266_6634901,0.344884728684217
3.000149248309289,2.137313210341075,U_LTXSIM001_SU_T1.R3,1_6204266_6634901,0.359839512957099
3.327123726678569,2.033077032669625,U_LTXSIM001_SU_T1.R3,1_6204266_6634901,0.392566148724764
3.3682415949516296,1.9919493944291649,U_LTXSIM001_SU_T1.R3,1_6204266_6634901,0.392564729395192
3.2594376931334392,2.142601216695305,U_LTXSIM001_SU_T1.R3,1_6204266_6634901,0.398631405181063
2.8949880189026294,2.2552080416586247,U_LTXSIM001_SU_T1.R3,1_6204266_6634901,0.361730585655096
2.9309065482077994,2.0390567061327047,U_LTXSIM001_SU_T1.R3,1_6204266_6634901,0.334730585655096
3.50868507577412,1.4242578752533148,U_LTXSIM001_SU_T1.R3,1_6204266_6634901,0.329121602993525
2.999850751690709,1.361372649745335,U_LTXSIM001_SU_T1.R3,1_6204266_6634901,0.239610951810896
3.395414536878769,2.1865354890287847,U_LTXSIM001_SU_T1.R3,1_6204266_6634901,0.424426301880566
3.727107869593109,1.2733636248539648,U_LTXSIM001_SU_T1.R3,1_6204266_6634901,0.339336584891944
2.7196619348641096,1.7953489312983248,U_LTXSIM001_SU_T1.R3,1_6204266_6634901,0.264239719945603
2.228966618309799,1.893144481558345,U_LTXSIM001_SU_T1.R3,1_6204266_6634901,0.200462458159969
2.149700985926639,1.817506922663005,U_LTXSIM001_SU_T1.R3,1_6204266_6634901,0.174521988146851
3.3359304288131395,1.6206611444529049,U_LTXSIM001_SU_T1.R3,1_6204266_6634901,0.33270714395992
3.56225139299018,1.3942823913123648,U_LTXSIM001_SU_T1.R3,1_6204266_6634901,0.3326983930039
3.658922454824309,1.2975342668843048,U_LTXSIM001_SU_T1.R3,1_6204266_6634901,0.332686723368347
3.5116652020590093,2.1988757706637347,U_LTXSIM001_SU_T1.R3,1_6204266_6634901,0.442584531465324
3.02750941861452,2.134150468167425,U_LTXSIM001_SU_T1.R3,1_6204266_6634901,0.363430965657164
2.774797530434609,1.566986081363045,U_LTXSIM001_SU_T1.R3,1_6204266_6634901,0.236467559198277
3.811502076061109,1.9979195011200148,U_LTXSIM001_SU_T1.R3,1_6204266_6634901,0.45639358377544
2.917212215262089,2.723152704001305,U_LTXSIM001_SU_T1.R3,1_6204266_6634901,0.432703364327813
2.995011507837549,1.8502599741846149,U_LTXSIM001_SU_T1.R3,1_6204266_6634901,0.315750788243362
2.3145405538938992,1.6423786572037948,U_LTXSIM001_SU_T1.R3,1_6204266_6634901,0.17278238588372
2.922898752205519,2.378542941704125,U_LTXSIM001_SU_T1.R3,1_6204266_6634901,0.384004590620829
2.652483814838729,1.9377474403716348,U_LTXSIM001_SU_T1.R3,1_6204266_6634901,0.276134707678265
2.590243152213729,2.000069730838545,U_LTXSIM001_SU_T1.R3,1_6204266_6634901,0.276147562784176
3.257701975445879,2.478384205946245,U_LTXSIM001_SU_T1.R3,1_6204266_6634901,0.446164699113455
2.6015106407638395,2.1139358131934047,U_LTXSIM001_SU_T1.R3,1_6204266_6634901,0.29572067427858
3.23548122355522,1.867198030323225,U_LTXSIM001_SU_T1.R3,1_6204266_6634901,0.354661174888676
2.89880285903122,2.1082811320983845,U_LTXSIM001_SU_T1.R3,1_6204266_6634901,0.340332974307363
2.4045117864238,2.027744041979895,U_LTXSIM001_SU_T1.R3,1_6204266_6634901,0.251038931531184
2.806239360887459,2.715515218925745,U_LTXSIM001_SU_T1.R3,1_6204266_6634901,0.415846971813732
2.9078535424857,1.756012156213515,U_LTXSIM001_SU_T1.R3,1_6204266_6634901,0.28768467313348
3.080638221724729,1.4383912852073948,U_LTXSIM001_SU_T1.R3,1_6204266_6634901,0.264877694247026
3.1897329297345896,2.0108927249765047,U_LTXSIM001_SU_T1.R3,1_6204266_6634901,0.369195653110097
3.156310474148689,1.929909984164415,U_LTXSIM001_SU_T1.R3,1_6204266_6634901,0.352204383735794
3.400938298932989,1.9504132095998747,U_LTXSIM001_SU_T1.R3,1_6204266_6634901,0.391280003536293
3.1462922976434693,1.7284717628750048,U_LTXSIM001_SU_T1.R3,1_6204266_6634901,0.32026256007393
2.9718148874502,1.7631965370155849,U_LTXSIM001_SU_T1.R3,1_6204266_6634901,0.298757119164809
2.993222178657869,2.292996459854515,U_LTXSIM001_SU_T1.R3,1_6204266_6634901,0.381778185968421
3.041750713520669,1.7860613551256148,U_LTXSIM001_SU_T1.R3,1_6204266_6634901,0.680267086127562
3.00157160802128,1.8262092676703447,U_LTXSIM001_SU_T1.R3,1_6204266_6634901,0.680258536128764
3.4601271726440195,2.446144853305385,U_LTXSIM001_SU_T1.R3,1_6204266_6634901,0.949178118004597
3.100831349913489,1.8249844447996049,U_LTXSIM001_SU_T1.R3,1_6204266_6634901,0.706882830272071
3.04957738805566,2.1035542188666048,U_LTXSIM001_SU_T1.R3,1_6204266_6634901,0.766789842031336
2.9078915040808493,2.1291994171120248,U_LTXSIM001_SU_T1.R3,1_6204266_6634901,0.736519257660079
2.8833353286364893,2.070960606304365,U_LTXSIM001_SU_T1.R3,1_6204266_6634901,0.714526242498552
2.895699719723229,2.058596215217635,U_LTXSIM001_SU_T1.R3,1_6204266_6634901,0.714526242498552
3.254141941467789,1.7980530853288248,U_LTXSIM001_SU_T1.R3,1_6204266_6634901,0.740495483618318
2.6822702373995093,1.8143219685789649,U_LTXSIM001_SU_T1.R3,1_6204266_6634901,0.586497519324599
2.9638109612945294,2.2428684459767947,U_LTXSIM001_SU_T1.R3,1_6204266_6634901,0.78054709190848
3.203401509814709,2.030982849020785,U_LTXSIM001_SU_T1.R3,1_6204266_6634901,0.787613753359372
2.793090339500329,1.881514873101045,U_LTXSIM001_SU_T1.R3,1_6204266_6634901,0.637649858425793
3.11373668747786,2.0311217327367945,U_LTXSIM001_SU_T1.R3,1_6204266_6634901,0.76465258485966
3.540113618629299,2.165311794839625,U_LTXSIM001_SU_T1.R3,1_6204266_6634901,0.902748828239827
2.7823553484783794,1.833673050462565,U_LTXSIM001_SU_T1.R3,1_6204266_6634901,0.621017105571277
2.9518932328978296,2.2404409870570348,U_LTXSIM001_SU_T1.R3,1_6204266_6634901,0.776874439234149
2.5596871458577595,2.217827053287925,U_LTXSIM001_SU_T1.R3,1_6204266_6634901,0.66641416868553
3.108790301609919,1.9620639669462248,U_LTXSIM001_SU_T1.R3,1_6204266_6634901,0.745392532087899
2.6382438145965392,2.127893803663695,U_LTXSIM001_SU_T1.R3,1_6204266_6634901,0.663262326466672
2.6721992999903392,2.093935890486125,U_LTXSIM001_SU_T1.R3,1_6204266_6634901,0.663261653122199
2.844518634067019,2.3222012333726347,U_LTXSIM001_SU_T1.R3,1_6204266_6634901,0.770293314756087
3.19162150221456,1.9597698097851948,U_LTXSIM001_SU_T1.R3,1_6204266_6634901,0.76634052509574
3.138369618866569,1.9782767973942048,U_LTXSIM001_SU_T1.R3,1_6204266_6634901,0.75734052509574
3.055745049507469,1.824353197934235,U_LTXSIM001_SU_T1.R3,1_6204266_6634901,0.694527985293714
3.0653888465318,2.1774589704266347,U_LTXSIM001_SU_T1.R3,1_6204266_6634901,0.789765631161537
3.133484225832029,2.011463051191905,U_LTXSIM001_SU_T1.R3,1_6204266_6634901,0.764675556549466
3.416390697701879,1.8654240232659849,U_LTXSIM001_SU_T1.R3,1_6204266_6634901,0.799631967812645
2.59203521560556,2.018981257782615,U_LTXSIM001_SU_T1.R3,1_6204266_6634901,0.619585035014298
2.6222919718885693,2.2714020257523453,U_LTXSIM001_SU_T1.R3,1_6204266_6634901,0.698213207433698
2.289418174483289,2.3538454364247645,U_LTXSIM001_SU_T1.R3,1_6204266_6634901,0.628774340254623
2.9875902989820995,2.007496485815615,U_LTXSIM001_SU_T1.R3,1_6204266_6634901,0.725403508582341
3.1315101690653493,1.8635617985516548,U_LTXSIM001_SU_T1.R3,1_6204266_6634901,0.725399572293076
3.0491856107065094,1.945866603548965,U_LTXSIM001_SU_T1.R3,1_6204266_6634901,0.725394324655625
2.969067984176949,1.729319560593035,U_LTXSIM001_SU_T1.R3,1_6204266_6634901,0.644348444304402
2.8397212607364994,1.7772268626312349,U_LTXSIM001_SU_T1.R3,1_6204266_6634901,0.621279746534939
3.0502863308620896,1.9859580972238249,U_LTXSIM001_SU_T1.R3,1_6204266_6634901,0.736296089785369
2.882451647012429,1.8961509068233149,U_LTXSIM001_SU_T1.R3,1_6204266_6634901,0.666715333006163
3.1130150236369194,1.8950911572205749,U_LTXSIM001_SU_T1.R3,1_6204266_6634901,0.728858059585815
2.5640060568871994,1.703492976825475,U_LTXSIM001_SU_T1.R3,1_6204266_6634901,0.51788002113081
2.6310661703715,1.7253284407885447,U_LTXSIM001_SU_T1.R3,1_6204266_6634901,0.544894670244421
3.2193387928070494,1.9930181029962248,U_LTXSIM001_SU_T1.R3,1_6204266_6634901,0.781998063192771
2.651436406100469,2.3385913397589952,U_LTXSIM001_SU_T1.R3,1_6204266_6634901,0.724058914412773
2.7139356573838294,2.276114744274735,U_LTXSIM001_SU_T1.R3,1_6204266_6634901,0.724064938677907
3.017884494199169,2.385849685574935,U_LTXSIM001_SU_T1.R3,1_6204266_6634901,0.830072972714948
2.713405806446019,1.995623559974775,U_LTXSIM001_SU_T1.R3,1_6204266_6634901,0.647335801115597
2.7620818600466093,1.975452973076765,U_LTXSIM001_SU_T1.R3,1_6204266_6634901,0.65530747098357
3.293809883802129,2.1386474444180648,U_LTXSIM001_SU_T1.R3,1_6204266_6634901,0.837152076560714
2.210966582987459,2.6305335261863245,U_LTXSIM001_SU_T1.R3,1_6204266_6634901,0.684014101123656
3.0763693023010994,1.9508881711180048,U_LTXSIM001_SU_T1.R3,1_6204266_6634901,0.733924654482674
2.77750077790062,1.9476492221516248,U_LTXSIM001_SU_T1.R3,1_6204266_6634901,0.651849412063132
3.059974992886249,2.003315399900005,U_LTXSIM001_SU_T1.R3,1_6204266_6634901,0.743409424022868
2.7391472593129094,2.2811988362100246,U_LTXSIM001_SU_T1.R3,1_6204266_6634901,0.732098257310162
3.0067153228342294,2.032587371621255,U_LTXSIM001_SU_T1.R3,1_6204266_6634901,0.737102202578251
3.02594568055816,2.1285286437345547,U_LTXSIM001_SU_T1.R3,1_6204266_6634901,0.767136415050607
2.701734254850029,1.963947874249985,U_LTXSIM001_SU_T1.R3,1_6204266_6634901,0.635128516657956
2.77267548585974,1.778243238443585,U_LTXSIM001_SU_T1.R3,1_6204266_6634901,0.602301506530238
2.779432652270609,2.071485006267745,U_LTXSIM001_SU_T1.R3,1_6204266_6634901,0.686586456450198
1.1099384136007575,2.905084503616617,U_LTXSIM001_SU_T1.R1,22_46829252_47073142,0.140573802631479
0.9479653306854816,3.1545978971664868,U_LTXSIM001_SU_T1.R1,22_46829252_47073142,0.166526429527523
1.1998235976023877,2.755759470737466,U_LTXSIM001_SU_T1.R1,22_46829252_47073142,0.122682035045269
1.0462931613690676,2.868888940931187,U_LTXSIM001_SU_T1.R1,22_46829252_47073142,0.110393180389703
1.2155205747179476,3.136872584067307,U_LTXSIM001_SU_T1.R1,22_46829252_47073142,0.23812366922353
1.1160881418514377,2.0426169476152367,U_LTXSIM001_SU_T1.R1,22_46829252_47073142,-0.141444336826874
1.7124517797863312,1.9792956888719149,U_LTXSIM001_SU_T1.R2,22_46829252_47073142,-0.0399076842947841
2.296044549434411,2.329818247372855,U_LTXSIM001_SU_T1.R2,22_46829252_47073142,0.149654186522969
1.6806988231946611,2.7585052285430147,U_LTXSIM001_SU_T1.R2,22_46829252_47073142,0.113714228688259
2.4889153891607814,1.8574711504572547,U_LTXSIM001_SU_T1.R2,22_46829252_47073142,0.0955038942029998
1.8482816346948512,2.407428602162935,U_LTXSIM001_SU_T1.R2,22_46829252_47073142,0.0774888919238669
1.991731683804652,2.0946845515152948,U_LTXSIM001_SU_T1.R2,22_46829252_47073142,0.0432404240509528
2.1254870033028013,2.067563627035605,U_LTXSIM001_SU_T1.R2,22_46829252_47073142,0.06490732102229
1.345014461488241,2.009287566606155,U_LTXSIM001_SU_T1.R2,22_46829252_47073142,-0.115009996883198
1.9590165403708115,1.9649677247524349,U_LTXSIM001_SU_T1.R2,22_46829252_47073142,0.0095977833687117
1.7883288010842613,2.4520350507121247,U_LTXSIM001_SU_T1.R2,22_46829252_47073142,0.0744175854594534
1.6957302252435913,1.926141579939875,U_LTXSIM001_SU_T1.R2,22_46829252_47073142,-0.0551416024515443
2.1328380870875314,2.104269597638345,U_LTXSIM001_SU_T1.R2,22_46829252_47073142,0.0737650797581712
2.0437705031068214,1.5676981978453548,U_LTXSIM001_SU_T1.R2,22_46829252_47073142,-0.057423451869436
-1.5629690403901988,5.174437741342375,U_LTXSIM001_SU_T1.R2,22_46829252_47073142,-0.057423451869436
1.7406835621013612,2.1625094792906148,U_LTXSIM001_SU_T1.R2,22_46829252_47073142,0.00523434570144
2.061385439957171,2.187792685988335,U_LTXSIM001_SU_T1.R2,22_46829252_47073142,0.0761824050570986
2.191017846649911,1.821404330683945,U_LTXSIM001_SU_T1.R2,22_46829252_47073142,0.0280121178354813
2.6287416720393213,2.663236521932935,U_LTXSIM001_SU_T1.R2,22_46829252_47073142,0.271070565076295
1.7235376386572112,1.653299215971585,U_LTXSIM001_SU_T1.R2,22_46829252_47073142,-0.109870941575859
1.577351642482011,1.4906892638018447,U_LTXSIM001_SU_T1.R2,22_46829252_47073142,-0.181936743350285
1.5214940282657712,2.0309187152322647,U_LTXSIM001_SU_T1.R2,22_46829252_47073142,-0.0704458158864053
1.5261609080580711,1.198958893841295,U_LTXSIM001_SU_T1.R2,22_46829252_47073142,-0.266425464950484
1.8473308805325512,2.2156688369676347,U_LTXSIM001_SU_T1.R2,22_46829252_47073142,0.038438563451343
2.573613770821541,2.412962343875135,U_LTXSIM001_SU_T1.R2,22_46829252_47073142,0.21666847741005
1.6882724462965213,1.8706165177765748,U_LTXSIM001_SU_T1.R2,22_46829252_47073142,-0.0690119997788759
2.4759764406423512,1.7992485704581649,U_LTXSIM001_SU_T1.R2,22_46829252_47073142,0.0813850076014852
1.8657962999970512,2.0895934302264947,U_LTXSIM001_SU_T1.R2,22_46829252_47073142,0.0161639013608127
2.053333264962592,1.901829689054595,U_LTXSIM001_SU_T1.R2,22_46829252_47073142,0.01611659493518
1.8202460339811413,2.129445820604695,U_LTXSIM001_SU_T1.R2,22_46829252_47073142,0.0149748312695155
2.623413393289672,1.9095988846345149,U_LTXSIM001_SU_T1.R2,22_46829252_47073142,0.131888312825645
1.6417106353360111,2.199132441078014,U_LTXSIM001_SU_T1.R2,22_46829252_47073142,-0.0079306855552471
2.040728810589491,2.462894195894145,U_LTXSIM001_SU_T1.R2,22_46829252_47073142,0.126219124969936
2.4818174474156014,2.324833017808575,U_LTXSIM001_SU_T1.R2,22_46829252_47073142,0.183630462622781
1.5801785438762412,1.641578432466645,U_LTXSIM001_SU_T1.R2,22_46829252_47073142,-0.145613024777567
1.6446493875441812,2.228211568163995,U_LTXSIM001_SU_T1.R2,22_46829252_47073142,-0.0011551898808512
1.9948567932791712,1.948968240730485,U_LTXSIM001_SU_T1.R2,22_46829252_47073142,0.0137494797271933
2.0043277558691712,2.0007372551538145,U_LTXSIM001_SU_T1.R2,22_46829252_47073142,0.0264984172213598
2.2308272382552112,2.1418648571992547,U_LTXSIM001_SU_T1.R2,22_46829252_47073142,0.111639147952952
2.2230066041167014,2.423783743162814,U_LTXSIM001_SU_T1.R2,22_46829252_47073142,0.172001626937911
1.8312873831102607,2.103414557358665,U_LTXSIM001_SU_T1.R2,22_46829252_47073142,0.0096137873067185
2.227059694461971,1.927048414992495,U_LTXSIM001_SU_T1.R2,22_46829252_47073142,0.0616238825035974
2.481901332831961,2.336862795338675,U_LTXSIM001_SU_T1.R2,22_46829252_47073142,0.208623908491003
1.6741408649832412,1.999392360614325,U_LTXSIM001_SU_T1.R2,22_46829252_47073142,-0.0548443236712885
1.5258313912807613,2.061212321926095,U_LTXSIM001_SU_T1.R2,22_46829252_47073142,-0.0768413809220602
2.206763968248301,1.5649845480611249,U_LTXSIM001_SU_T1.R2,22_46829252_47073142,-0.0302650659470439
1.8536407629009213,1.636238330715125,U_LTXSIM001_SU_T1.R2,22_46829252_47073142,-0.101960225705079
1.9215917184301512,2.009517246099605,U_LTXSIM001_SU_T1.R2,22_46829252_47073142,0.0087462752740261
1.8065417515236115,2.1307669176879647,U_LTXSIM001_SU_T1.R2,22_46829252_47073142,0.0102428468940246
1.6563823769911312,1.5886988544961949,U_LTXSIM001_SU_T1.R2,22_46829252_47073142,-0.167254650682887
-1.1184235942508487,4.363538262078325,U_LTXSIM001_SU_T1.R2,22_46829252_47073142,-0.167245527409311
2.104180006822931,1.9750702504476048,U_LTXSIM001_SU_T1.R2,22_46829252_47073142,0.0440887918381446
1.9997863475212407,2.083610944351055,U_LTXSIM001_SU_T1.R2,22_46829252_47073142,0.0450658113017334
2.202831671616672,1.9188499834527348,U_LTXSIM001_SU_T1.R2,22_46829252_47073142,0.0540542928804916
2.215994164774151,2.956430473766715,U_LTXSIM001_SU_T1.R2,22_46829252_47073142,0.281135818109546
1.9831319748391312,1.578822077064835,U_LTXSIM001_SU_T1.R2,22_46829252_47073142,-0.0832857535237428
1.4235522933393512,2.146038589403005,U_LTXSIM001_SU_T1.R2,22_46829252_47073142,-0.0813211558948593
2.323655387083221,1.9336661860814548,U_LTXSIM001_SU_T1.R2,22_46829252_47073142,0.0854568558368641
1.859307353481641,2.073351774138775,U_LTXSIM001_SU_T1.R2,22_46829252_47073142,0.00912062095328
2.2645407945158613,2.373580227646414,U_LTXSIM001_SU_T1.R2,22_46829252_47073142,0.170130626478664
1.829378274879872,2.3961208581977247,U_LTXSIM001_SU_T1.R2,22_46829252_47073142,0.0781506433146889
2.1359829201924314,2.3979260494004246,U_LTXSIM001_SU_T1.R2,22_46829252_47073142,0.14744776526847
1.4990456336456712,2.571476696839055,U_LTXSIM001_SU_T1.R2,22_46829252_47073142,0.0420303741680716
1.832839205666981,1.7576880576768348,U_LTXSIM001_SU_T1.R2,22_46829252_47073142,-0.0759488896955224
1.6828390951619012,1.9078907081426948,U_LTXSIM001_SU_T1.R2,22_46829252_47073142,-0.0758970156071707
1.9249769445321008,1.7484503529723348,U_LTXSIM001_SU_T1.R2,22_46829252_47073142,-0.0548710604840645
2.1728027942724712,2.378334921896335,U_LTXSIM001_SU_T1.R2,22_46829252_47073142,0.151222477754814
2.5389255719357413,2.354173747950105,U_LTXSIM001_SU_T1.R2,22_46829252_47073142,0.224170492782356
1.9582532448282512,2.8158472865482347,U_LTXSIM001_SU_T1.R2,22_46829252_47073142,0.199201677980573
2.111844274061251,2.285768850675285,U_LTXSIM001_SU_T1.R2,22_46829252_47073142,0.117232880534564
2.456778177474351,1.7821824268497848,U_LTXSIM001_SU_T1.R2,22_46829252_47073142,0.081245820787705
1.7451404763777412,1.7853291457603448,U_LTXSIM001_SU_T1.R2,22_46829252_47073142,-0.0914135870190297
1.8803091726958912,2.148642343394745,U_LTXSIM001_SU_T1.R2,22_46829252_47073142,0.0321856913387685
2.4859363124615914,1.4820491248704348,U_LTXSIM001_SU_T1.R2,22_46829252_47073142,0.011787929016855
2.643884088583252,2.2982497489299147,U_LTXSIM001_SU_T1.R2,22_46829252_47073142,0.125041057029191
2.780732731036851,2.797497479549005,U_LTXSIM001_SU_T1.R2,22_46829252_47073142,0.19446698111845
2.186642134788621,1.3713866376956247,U_LTXSIM001_SU_T1.R2,22_46829252_47073142,-0.0386657383155278
1.6235094147898312,2.467517663164455,U_LTXSIM001_SU_T1.R2,22_46829252_47073142,0.0265928037679763
0.2644459046419542,2.103509234607555,U_LTXSIM001_SU_T1.R2,22_46829252_47073142,-0.195995197478264
1.604260715975811,1.115775741826975,U_LTXSIM001_SU_T1.R2,22_46829252_47073142,-0.147636370157403
0.5188197522057002,1.7983056421371248,U_LTXSIM001_SU_T1.R2,22_46829252_47073142,-0.203112584835541
3.092180288405291,2.314223797226855,U_LTXSIM001_SU_T1.R2,22_46829252_47073142,0.176040145128006
2.024579527089791,2.591068646257435,U_LTXSIM001_SU_T1.R2,22_46829252_47073142,0.0880660883655071
1.2576251167936012,1.8427936878137448,U_LTXSIM001_SU_T1.R2,22_46829252_47073142,-0.0971500602874648
1.759008674770281,2.121661125444485,U_LTXSIM001_SU_T1.R2,22_46829252_47073142,0.0011888224021936
1.1588687041632812,1.1243325649070548,U_LTXSIM001_SU_T1.R2,22_46829252_47073142,-0.207882391480249
-4.147760406951009,6.420442529783886,U_LTXSIM001_SU_T1.R2,22_46829252_47073142,-0.209364615380376
2.858580479897132,2.426645531871505,U_LTXSIM001_SU_T1.R2,22_46829252_47073142,0.16290187786147
2.328581426837612,2.2836591447939947,U_LTXSIM001_SU_T1.R2,22_46829252_47073142,0.0876751317707297
2.7559050975876414,1.3308356919285649,U_LTXSIM001_SU_T1.R2,22_46829252_47073142,0.0260796059411622
2.334015281051371,2.226826133426005,U_LTXSIM001_SU_T1.R2,22_46829252_47073142,0.081765181981202
1.7594676642165212,1.758352792495775,U_LTXSIM001_SU_T1.R2,22_46829252_47073142,-0.0437105613346449
1.1689645417943513,2.077491197356895,U_LTXSIM001_SU_T1.R2,22_46829252_47073142,-0.0782271512638921
0.5617842184637702,2.2809191734899747,U_LTXSIM001_SU_T1.R2,22_46829252_47073142,-0.131161582327321
1.6392040950372813,2.373513861240055,U_LTXSIM001_SU_T1.R2,22_46829252_47073142,0.0171879221388278
2.429537946114181,1.6972703644989648,U_LTXSIM001_SU_T1.R2,22_46829252_47073142,0.0308697871507091
2.131140678621091,2.025960030394275,U_LTXSIM001_SU_T1.R2,22_46829252_47073142,0.0344807973022685
1.8084156588495115,1.4039404888847848,U_LTXSIM001_SU_T1.R2,22_46829252_47073142,-0.0826234869557203
2.509423102443152,2.651409997684875,U_LTXSIM001_SU_T1.R2,22_46829252_47073142,0.149289438665355
2.2598438099438614,2.137800258042545,U_LTXSIM001_SU_T1.R2,22_46829252_47073142,0.0628384176726793
1.8077679461285312,2.6280630393651148,U_LTXSIM001_SU_T1.R2,22_46829252_47073142,0.0672894386653551
1.6803400713855112,2.494133692711305,U_LTXSIM001_SU_T1.R2,22_46829252_47073142,0.0365476842062026
2.118300521533121,2.045314243325315,U_LTXSIM001_SU_T1.R2,22_46829252_47073142,0.0352561270101245
1.9511675501923311,2.291823877989315,U_LTXSIM001_SU_T1.R2,22_46829252_47073142,0.044670541429163
1.6644135110901412,2.241732876831895,U_LTXSIM001_SU_T1.R2,22_46829252_47073142,0.0042894386653551
1.7293601840326212,3.030434720266265,U_LTXSIM001_SU_T1.R2,22_46829252_47073142,0.104507859017509
1.8465146756654511,1.1670675967770348,U_LTXSIM001_SU_T1.R2,22_46829252_47073142,-0.108520815352951
1.2412675267993711,1.6524538885645648,U_LTXSIM001_SU_T1.R2,22_46829252_47073142,-0.124364615380376
1.8559717736929813,2.295119685322254,U_LTXSIM001_SU_T1.R2,22_46829252_47073142,0.0337651819812021
1.9456006883143049,2.15640364638338,U_LTXSIM001_SU_T1.R3,22_46829252_47073142,0.219202223232956
2.166026603282055,2.0097758390122795,U_LTXSIM001_SU_T1.R3,22_46829252_47073142,0.240321657018112
1.8885630041535648,2.90923091736176,U_LTXSIM001_SU_T1.R3,22_46829252_47073142,0.407013879706436
1.8092730464221949,1.8458940388445395,U_LTXSIM001_SU_T1.R3,22_46829252_47073142,0.0842685499393509
2.036407680971355,1.8951947593716696,U_LTXSIM001_SU_T1.R3,22_46829252_47073142,0.169222351667805
2.3947201428482545,2.3567654318978395,U_LTXSIM001_SU_T1.R3,22_46829252_47073142,0.395245622703209
2.395344457618635,2.38524629182152,U_LTXSIM001_SU_T1.R3,22_46829252_47073142,0.402653267380827
2.291202333353765,2.313095227513809,U_LTXSIM001_SU_T1.R3,22_46829252_47073142,0.357190503083102
1.952679228232825,1.7267817123293296,U_LTXSIM001_SU_T1.R3,22_46829252_47073142,0.0919382841927564
1.520747876261555,2.27218988131044,U_LTXSIM001_SU_T1.R3,22_46829252_47073142,0.12723333873965
1.956234602676295,1.80890062841122,U_LTXSIM001_SU_T1.R3,22_46829252_47073142,0.118665360763192
2.397445505561195,1.2650914504104296,U_LTXSIM001_SU_T1.R3,22_46829252_47073142,0.0865995794100176
2.2386109730006947,2.2509829029176496,U_LTXSIM001_SU_T1.R3,22_46829252_47073142,0.326822142377876
2.140243815858285,1.8966411087474493,U_LTXSIM001_SU_T1.R3,22_46829252_47073142,0.200306165464784
2.288904329533935,1.6504966620631796,U_LTXSIM001_SU_T1.R3,22_46829252_47073142,0.171547919470212
1.9635923190286448,2.230916188831549,U_LTXSIM001_SU_T1.R3,22_46829252_47073142,0.245626175043594
1.833825760531715,1.89236464708786,U_LTXSIM001_SU_T1.R3,22_46829252_47073142,0.106577423122152
1.6230332428299248,1.5928152208848996,U_LTXSIM001_SU_T1.R3,22_46829252_47073142,-0.0619635218155576
2.351188090443215,1.859875258639209,U_LTXSIM001_SU_T1.R3,22_46829252_47073142,0.25030445267087
2.3185150282270346,2.018933746315409,U_LTXSIM001_SU_T1.R3,22_46829252_47073142,0.285528677467819
1.5970464648267948,2.3089364414091698,U_LTXSIM001_SU_T1.R3,22_46829252_47073142,0.161555981670262
1.8228898984030248,1.99022416098772,U_LTXSIM001_SU_T1.R3,22_46829252_47073142,0.133419414627727
