CHR,POS,clone7_A_true,clone8_A_true,clone12_A_true,clone13_A_true,clone14_A_true,clone15_A_true,clone16_A_true,clone17_A_true,clone18_A_true,clone19_A_true,clone21_A_true,segment,clone7_B_true,clone8_B_true,clone12_B_true,clone13_B_true,clone14_B_true,clone15_B_true,clone16_B_true,clone17_B_true,clone18_B_true,clone19_B_true,clone21_B_true,chr,start,end
4,81021845,4,4,4,4,4,4,4,4,4,4,4,5_178410469_178411182,2,2,2,2,2,2,2,2,2,2,2,chr4,178410469,178411182
10,17229677,0,0,2,2,2,2,0,0,0,2,2,9_68372357_127533479,4,4,2,2,2,2,4,4,4,2,2,chr10,68372357,127533479
8,5127793,4,4,4,4,4,4,4,4,4,4,4,6_70386180_70490511,4,4,4,4,4,4,4,4,4,4,4,chr8,70386180,70490511
10,94972724,2,2,2,2,2,2,2,2,2,2,2,19_16060453_21838002,3,3,3,3,3,3,3,3,3,3,3,chr10,16060453,21838002
12,122602903,4,4,4,4,4,4,4,4,4,4,4,16_20357568_20599465,4,4,4,4,4,4,4,4,4,4,4,chr12,20357568,20599465
9,104458530,2,2,2,2,2,2,2,2,2,3,2,16_1538029_2818170,2,2,2,2,2,2,2,2,2,3,2,chr9,1538029,2818170
9,106748971,3,2,2,2,2,2,2,2,2,2,2,14_24605371_24912041,3,2,2,2,2,2,2,2,2,2,2,chr9,24605371,24912041
3,131038082,2,2,2,2,2,2,2,2,2,2,2,16_28403186_34682405,2,2,2,2,2,2,2,2,2,2,2,chr3,28403186,34682405
21,15100247,3,3,2,2,2,3,3,3,3,2,2,2_8916847_92326170,2,2,2,2,2,2,2,2,2,2,2,chr21,8916847,92326170
3,142514644,1,2,2,2,2,2,2,1,1,2,2,4_40778162_49660116,2,2,2,2,2,2,2,2,2,2,2,chr3,40778162,49660116
7,55097100,2,1,2,2,2,2,2,2,2,2,2,9_132988709_135546395,2,2,2,2,2,2,2,2,2,2,2,chr7,132988709,135546395
21,9709200,4,4,4,4,4,4,4,4,4,4,4,22_17052949_22277675,2,2,2,2,2,2,2,2,2,2,2,chr21,17052949,22277675
7,66775191,4,4,4,4,4,4,4,4,4,4,4,9_139142808_139324279,2,2,2,2,2,2,2,2,2,2,2,chr7,139142808,139324279
21,6599225,2,2,2,2,2,2,2,2,2,2,2,3_97823593_99514350,2,2,2,2,2,2,2,2,2,2,2,chr21,97823593,99514350
1,59612365,4,4,4,4,4,4,4,4,4,4,4,1_1875858_2939006,4,4,4,4,4,4,4,4,4,4,4,chr1,1875858,2939006
3,47622778,2,2,2,2,2,2,2,2,2,2,2,7_76635003_141869779,2,1,2,2,2,2,2,2,2,2,2,chr3,76635003,141869779
1,101311205,2,2,2,2,2,2,2,2,2,2,2,11_123909695_134856707,2,2,2,2,2,2,2,2,2,2,2,chr1,123909695,134856707
1,167416397,2,2,2,2,2,2,2,2,2,0,2,12_124101092_125453235,2,2,2,2,2,2,2,2,2,4,2,chr1,124101092,125453235
8,60490956,2,2,2,2,2,2,2,2,2,2,1,9_136389751_138837985,2,2,2,2,2,2,2,2,2,2,2,chr8,136389751,138837985
14,46119238,0,0,2,2,0,0,0,0,0,2,2,14_22466115_22979974,4,4,2,2,4,4,4,4,4,2,2,chr14,22466115,22979974
15,1082867,1,1,2,2,1,1,1,1,1,2,2,5_68398884_70834892,2,2,2,2,2,2,2,2,2,2,2,chr15,68398884,70834892
17,13334714,2,2,2,2,2,2,2,2,2,2,2,17_25263007_31266476,1,1,2,2,1,1,1,1,1,2,2,chr17,25263007,31266476
1,174302335,2,2,2,2,2,2,2,2,2,2,2,7_141869986_142021198,3,3,3,3,3,3,3,3,3,3,3,chr1,141869986,142021198
6,30062799,2,2,2,2,2,2,2,2,2,3,2,1_177930096_247051595,2,2,2,2,2,2,2,2,2,3,2,chr6,177930096,247051595
11,98849360,2,0,2,2,2,2,2,2,2,2,2,4_85704_25865090,2,4,2,2,2,2,2,2,2,2,2,chr11,85704,25865090
5,131320242,2,2,2,2,2,2,2,2,2,2,2,12_11339158_34856693,3,2,2,2,2,2,2,3,3,2,2,chr5,11339158,34856693
12,52976833,2,2,2,2,2,2,2,2,2,2,2,11_837257_1020231,3,3,2,2,2,2,3,3,3,2,2,chr12,837257,1020231
11,82141983,4,4,4,4,4,4,4,4,4,4,4,19_7702136_8186129,2,2,2,2,2,2,2,2,2,2,2,chr11,7702136,8186129
16,87788455,2,2,2,2,2,2,2,2,2,2,1,14_31380429_37135752,2,2,2,2,2,2,2,2,2,2,2,chr16,31380429,37135752
15,74129520,3,3,3,3,3,3,3,3,3,3,3,16_97409_1537926,3,3,3,3,3,3,3,3,3,3,3,chr15,97409,1537926
15,68488576,2,2,2,2,2,2,2,2,2,2,2,11_46399774_46898212,2,2,2,2,2,2,2,2,2,2,2,chr15,46399774,46898212
1,19424902,3,3,3,3,3,3,3,3,3,3,3,10_105233110_135381927,3,3,3,3,3,3,3,3,3,3,3,chr1,105233110,135381927
17,3985082,2,2,2,2,2,2,2,2,2,2,2,11_1026430_5510928,4,4,4,4,4,4,4,4,4,4,4,chr17,1026430,5510928
14,5395352,4,4,4,4,4,4,4,4,4,4,4,12_125453277_125599071,0,0,0,0,0,0,0,0,0,0,0,chr14,125453277,125599071
3,4899025,4,4,4,4,4,4,4,4,4,4,4,14_51707188_106370370,2,2,2,2,2,2,2,2,2,2,2,chr3,51707188,106370370
5,89295791,2,2,2,2,2,2,2,2,2,0,2,8_144063664_146279571,2,2,2,2,2,2,2,2,2,4,2,chr5,144063664,146279571
17,5822955,2,2,2,2,2,2,2,2,2,2,2,14_37149773_38016079,3,2,2,2,2,2,2,2,2,2,2,chr17,37149773,38016079
13,28530692,4,4,4,4,4,4,4,4,4,4,4,2_239344301_242946562,4,4,4,4,4,4,4,4,4,4,4,chr13,239344301,242946562
14,101982836,3,3,3,3,3,3,3,3,3,3,3,7_6661186_30728452,2,2,2,2,2,2,2,2,2,2,2,chr14,6661186,30728452
1,211092719,0,2,2,2,2,2,2,0,0,2,2,10_42254936_104242907,4,2,2,2,2,2,2,4,4,2,2,chr1,42254936,104242907
14,96348161,3,3,2,2,3,3,3,3,3,2,2,12_11244141_11338614,2,2,2,2,2,2,2,2,2,2,2,chr14,11244141,11338614
3,86605133,2,2,2,2,2,2,2,2,2,2,2,12_6230535_7241464,1,1,2,2,1,1,1,1,1,2,2,chr3,6230535,7241464
19,55564867,2,2,2,2,2,2,2,2,2,2,2,15_40703047_40914216,2,2,2,2,2,2,2,2,2,2,2,chr19,40703047,40914216
1,93349209,3,3,2,2,2,2,3,3,3,2,2,3_9406836_9885763,2,2,2,2,2,2,2,2,2,2,2,chr1,9406836,9885763
16,61528354,0,0,2,2,0,0,0,0,0,2,2,12_9229928_11214640,4,4,2,2,4,4,4,4,4,2,2,chr16,9229928,11214640
7,6452248,4,4,4,4,4,4,4,4,4,4,4,22_23494619_51219216,2,2,2,2,2,2,2,2,2,2,2,chr7,23494619,51219216
21,5198733,3,3,3,3,3,3,3,3,3,3,3,17_76420074_81083520,2,2,2,2,2,2,2,2,2,2,2,chr21,76420074,81083520
10,3774087,2,2,2,2,2,2,2,2,2,2,2,7_54614729_55499079,2,2,2,2,2,2,2,2,2,2,2,chr10,54614729,55499079
2,20190242,1,1,2,1,1,1,1,1,1,1,2,16_2818176_11369864,2,2,2,2,2,2,2,2,2,2,2,chr2,2818176,11369864
8,290032,2,2,2,2,2,2,2,2,2,2,3,19_45153022_46546397,2,2,2,2,2,2,2,2,2,2,3,chr8,45153022,46546397
21,19175345,1,2,2,2,2,2,2,1,1,2,2,5_70945851_78317342,2,2,2,2,2,2,2,2,2,2,2,chr21,70945851,78317342
15,30407337,3,3,3,3,3,3,3,3,3,3,3,1_26140537_29650311,3,3,3,3,3,3,3,3,3,3,3,chr15,26140537,29650311
4,159601853,4,4,4,4,4,4,4,4,4,4,4,1_156351792_156894727,4,4,4,4,4,4,4,4,4,4,4,chr4,156351792,156894727
21,19265962,2,2,2,2,2,2,2,2,2,2,3,1_175087666_177930009,2,2,2,2,2,2,2,2,2,2,3,chr21,175087666,177930009
22,24654625,2,2,2,2,2,2,2,2,2,2,2,5_70834926_70945171,2,2,2,2,2,2,2,2,2,2,2,chr22,70834926,70945171
15,17374241,2,2,2,2,2,2,2,2,2,2,2,7_5402282_6656857,3,3,2,2,3,3,3,3,3,2,2,chr15,5402282,6656857
1,50425599,4,4,4,4,4,4,4,4,4,4,4,19_6361581_6380730,4,4,4,4,4,4,4,4,4,4,4,chr1,6361581,6380730
13,1920528,3,3,2,3,3,3,3,3,3,3,2,8_2054453_3087665,3,3,2,3,3,3,3,3,3,3,2,chr13,2054453,3087665
3,47112094,2,2,2,2,2,2,2,2,2,2,2,15_91550097_102389791,3,3,2,2,2,2,3,3,3,2,2,chr3,91550097,102389791
4,134877002,0,2,2,2,2,2,2,0,0,2,2,12_120934382_124099925,4,2,2,2,2,2,2,4,4,2,2,chr4,120934382,124099925
7,148108770,2,2,2,2,2,2,2,2,2,2,2,15_20169972_40700323,3,3,3,3,3,3,3,3,3,3,3,chr7,20169972,40700323
15,122235,2,2,2,2,2,2,2,2,2,2,2,11_70757739_71290670,3,3,3,3,3,3,3,3,3,3,3,chr15,70757739,71290670
6,28639044,2,2,2,2,2,2,2,2,2,2,2,4_25915501_39343342,3,3,3,3,3,3,3,3,3,3,3,chr6,25915501,39343342
7,145527425,2,2,2,2,2,2,2,2,2,2,2,3_99514443_147108757,3,3,2,2,2,3,3,3,3,2,2,chr7,99514443,147108757
3,149497886,3,3,3,3,3,3,3,3,3,3,3,7_62910177_75615006,3,3,3,3,3,3,3,3,3,3,3,chr3,62910177,75615006
9,83086796,2,2,2,2,2,2,2,2,2,2,2,1_25349946_26140491,3,3,2,2,2,2,3,3,3,2,2,chr9,25349946,26140491
9,58290923,4,4,4,4,4,4,4,4,4,4,4,14_22322662_22337396,2,2,2,2,2,2,2,2,2,2,2,chr9,22322662,22337396
3,182798034,3,2,2,2,2,2,2,2,3,2,2,6_70500451_71238050,3,2,2,2,2,2,2,2,3,2,2,chr3,70500451,71238050
5,12419267,4,4,4,4,4,4,4,4,4,4,4,1_247051847_249212481,2,2,2,2,2,2,2,2,2,2,2,chr5,247051847,249212481
18,37103111,0,0,2,2,2,2,0,0,0,2,2,1_47110823_121310061,4,4,2,2,2,2,4,4,4,2,2,chr18,47110823,121310061
12,35926435,2,2,2,2,2,2,2,2,2,2,2,3_58417416_58625911,4,4,4,4,4,4,4,4,4,4,4,chr12,58417416,58625911
20,18221401,2,2,2,2,2,2,2,2,2,3,2,12_52681733_53295863,2,2,2,2,2,2,2,2,2,2,2,chr20,52681733,53295863
4,130084517,2,2,2,2,2,2,2,2,2,2,2,1_24676655_25291136,2,2,2,2,2,2,2,2,2,2,2,chr4,24676655,25291136
1,163219885,2,2,2,2,2,2,2,2,2,2,2,16_81816818_90161262,2,2,2,2,2,2,2,2,2,2,2,chr1,81816818,90161262
9,127222483,2,2,2,2,2,2,2,2,2,2,2,15_90286427_91432818,3,2,2,2,2,2,2,2,2,2,2,chr9,90286427,91432818
13,61180193,3,3,3,3,3,3,3,3,3,3,3,3_147108823_197765456,3,3,3,3,3,3,3,3,3,3,3,chr13,147108823,197765456
4,27988309,2,2,2,2,2,2,2,2,2,1,2,14_51087310_51561664,2,2,2,2,2,2,2,2,2,2,2,chr4,51087310,51561664
15,94997979,2,2,2,2,2,2,2,2,2,2,2,9_135553425_136385453,2,2,2,2,2,2,2,2,2,2,2,chr15,135553425,136385453
8,2888428,3,3,3,3,3,3,3,3,3,3,3,11_114421747_114421962,3,3,3,3,3,3,3,3,3,3,3,chr8,114421747,114421962
3,132701376,4,4,4,4,4,4,4,4,4,4,4,20_29369570_55749981,2,2,2,2,2,2,2,2,2,2,2,chr3,29369570,55749981
18,56326387,4,4,4,4,4,4,4,4,4,4,4,5_54424297_68396763,2,2,2,2,2,2,2,2,2,2,2,chr18,54424297,68396763
9,118981378,1,2,2,2,2,2,2,2,1,2,2,13_19600440_111098160,2,2,2,2,2,2,2,2,2,2,2,chr9,19600440,111098160
6,167527477,2,2,2,2,2,2,2,2,2,2,2,11_123754073_123909671,2,2,2,2,2,2,2,2,2,2,2,chr6,123754073,123909671
11,89087334,2,4,2,2,2,2,2,2,2,2,2,18_18460899_29648434,2,0,2,2,2,2,2,2,2,2,2,chr11,18460899,29648434
11,25958909,3,3,3,3,3,3,3,3,3,3,3,16_66545906_81705736,2,2,2,2,2,2,2,2,2,2,2,chr11,66545906,81705736
1,29166076,2,2,2,2,2,2,2,2,2,2,2,2_3816887_8911029,3,3,2,2,3,3,3,3,3,2,2,chr1,3816887,8911029
6,15610400,3,3,3,3,3,3,3,3,3,3,3,19_43093202_45017165,2,2,2,2,2,2,2,2,2,2,2,chr6,43093202,45017165
16,61853508,3,3,2,2,2,3,3,3,3,2,2,1_7812640_24673974,2,2,2,2,2,2,2,2,2,2,2,chr16,7812640,24673974
15,26530401,2,2,2,2,2,2,2,2,2,2,2,18_12420302_15460897,3,3,2,2,3,3,3,3,3,2,2,chr15,12420302,15460897
7,143173463,3,3,3,3,3,3,3,3,3,3,3,19_8188309_11364545,2,2,2,2,2,2,2,2,2,2,2,chr7,8188309,11364545
13,84327526,0,0,2,2,2,0,0,0,0,2,2,1_156894825_175087620,4,4,2,2,2,4,4,4,4,2,2,chr13,156894825,175087620
9,28497176,2,2,2,2,2,2,2,2,2,2,2,19_14736376_16060352,2,2,2,2,2,2,2,2,2,1,2,chr9,14736376,16060352
17,47756471,3,3,3,3,3,3,3,3,3,3,3,2_234394404_234428119,2,2,2,2,2,2,2,2,2,2,2,chr17,234394404,234428119
4,67614240,1,2,2,2,2,2,2,2,2,2,2,17_39881487_76415874,2,2,2,2,2,2,2,2,2,2,2,chr4,39881487,76415874
7,146661964,4,4,4,4,4,4,4,4,4,4,4,14_38064009_51081211,2,2,2,2,2,2,2,2,2,2,2,chr7,38064009,51081211
20,44755687,2,2,2,2,2,2,2,2,2,2,2,6_203397_32427885,2,3,2,2,2,2,2,2,2,2,2,chr20,203397,32427885
15,47734085,2,2,2,2,2,2,2,2,2,2,0,14_22356225_22466017,2,2,2,2,2,2,2,2,2,2,4,chr15,22356225,22466017
3,61668422,4,4,4,4,4,4,4,4,4,4,4,12_53295917_120907309,2,2,2,2,2,2,2,2,2,2,2,chr3,53295917,120907309
11,54014544,2,2,2,2,2,2,2,2,2,2,1,3_50225029_56704242,2,2,2,2,2,2,2,2,2,2,2,chr11,50225029,56704242
8,68366216,3,3,3,3,3,3,3,3,3,3,3,12_37856695_50479935,2,2,2,2,2,2,2,2,2,2,2,chr8,37856695,50479935
7,117097279,2,2,2,2,2,2,2,2,2,2,2,1_2939081_3426693,2,2,2,2,2,2,2,2,2,1,2,chr7,2939081,3426693
4,38767334,2,2,2,2,2,2,2,2,2,2,2,3_93593119_97823511,3,3,3,3,3,3,3,3,3,3,3,chr4,93593119,97823511
5,159098931,3,3,2,2,2,3,3,3,3,2,2,19_21838492_24345141,3,3,2,2,2,3,3,3,3,2,2,chr5,21838492,24345141
4,46700929,0,2,2,2,2,2,2,2,2,2,2,1_1873453_1875781,4,2,2,2,2,2,2,2,2,2,2,chr4,1873453,1875781
22,49163236,4,4,4,4,4,4,4,4,4,4,4,8_142446090_143999172,4,4,4,4,4,4,4,4,4,4,4,chr22,142446090,143999172
2,185879676,2,2,2,2,2,2,2,2,2,2,2,3_9908807_10302364,2,2,2,2,2,2,2,2,2,2,2,chr2,9908807,10302364
15,65024707,3,3,3,3,3,3,3,3,3,3,3,3_46943998_50224225,2,2,2,2,2,2,2,2,2,2,2,chr15,46943998,50224225
5,75579882,2,2,2,2,2,2,2,2,2,2,2,18_158494_3597300,2,2,2,2,2,2,2,2,2,2,2,chr5,158494,3597300
1,183772564,2,2,2,2,2,2,2,2,2,2,2,6_61830167_70098748,2,2,2,2,2,2,2,2,2,2,2,chr1,61830167,70098748
11,98623929,3,2,2,2,2,2,2,3,3,2,2,17_8349128_15668330,3,2,2,2,2,2,2,3,3,2,2,chr11,8349128,15668330
5,145226762,3,3,3,3,3,3,3,3,3,3,3,1_29651706_46818725,2,2,2,2,2,2,2,2,2,2,2,chr5,29651706,46818725
6,161482127,1,1,2,2,2,2,1,1,1,2,2,12_50479982_51752995,2,2,2,2,2,2,2,2,2,2,2,chr6,50479982,51752995
4,75862761,2,2,2,2,2,2,2,2,2,2,2,7_142499717_159025874,3,3,3,3,3,3,3,3,3,3,3,chr4,142499717,159025874
8,93581129,2,2,2,2,2,2,2,2,2,2,2,1_153430184_156231266,4,4,4,4,4,4,4,4,4,4,4,chr8,153430184,156231266
21,3386251,3,2,2,2,2,2,2,2,3,2,2,19_6381057_7698384,3,2,2,2,2,2,2,2,3,2,2,chr21,6381057,7698384
10,52753555,2,2,2,2,2,2,2,2,2,2,2,7_75615200_76610299,2,3,2,2,2,2,2,2,2,2,2,chr10,75615200,76610299
14,72541274,4,4,4,4,4,4,4,4,4,4,4,14_22987474_24602049,2,2,2,2,2,2,2,2,2,2,2,chr14,22987474,24602049
8,115795179,2,2,2,2,2,2,2,2,2,2,2,11_7663779_45970551,2,2,2,2,2,2,2,2,2,2,2,chr8,7663779,45970551
19,57335353,2,2,2,2,2,2,2,2,2,2,2,8_46838888_142444788,1,1,1,1,1,1,1,1,1,1,1,chr19,46838888,142444788
3,62946445,2,2,2,2,2,2,2,2,2,0,2,7_5331385_5401695,2,2,2,2,2,2,2,2,2,4,2,chr3,5331385,5401695
20,10983974,3,3,2,3,3,3,3,3,3,3,2,3_239347_9406748,2,2,2,2,2,2,2,2,2,2,2,chr20,239347,9406748
11,79195657,3,3,3,3,3,3,3,3,3,3,3,1_752894_1871979,3,3,3,3,3,3,3,3,3,3,3,chr11,752894,1871979
7,84078020,2,2,2,2,2,2,2,2,2,2,2,5_163205_45645754,3,3,3,3,3,3,3,3,3,3,3,chr7,163205,45645754
2,158691767,3,3,2,2,3,3,3,3,3,2,2,8_182785_2054398,2,2,2,2,2,2,2,2,2,2,2,chr2,182785,2054398
12,65680336,3,3,3,3,3,3,3,3,3,3,3,18_5238442_12254816,3,3,3,3,3,3,3,3,3,3,3,chr12,5238442,12254816
18,36379,2,3,2,2,2,2,2,2,2,2,2,11_48238633_51515438,2,3,2,2,2,2,2,2,2,2,2,chr18,48238633,51515438
13,1904572,3,3,2,3,3,3,3,3,3,3,2,9_138838140_139142803,2,2,2,2,2,2,2,2,2,2,2,chr13,138838140,139142803
8,45274103,2,2,2,2,2,2,2,2,2,0,2,12_51753007_52680063,2,2,2,2,2,2,2,2,2,4,2,chr8,51753007,52680063
1,141042952,2,2,2,2,2,2,2,2,2,2,3,17_38715102_39680011,2,2,2,2,2,2,2,2,2,2,3,chr1,38715102,39680011
6,74012616,2,2,2,2,2,2,2,2,2,2,2,22_22385671_23406340,4,4,4,4,4,4,4,4,4,4,4,chr6,22385671,23406340
1,17481305,2,1,2,2,2,2,2,2,2,2,2,11_6007772_7663726,2,2,2,2,2,2,2,2,2,2,2,chr1,6007772,7663726
8,47366320,2,2,2,2,2,2,2,2,2,2,2,12_1136983_6230288,4,4,4,4,4,4,4,4,4,4,4,chr8,1136983,6230288
5,138938431,2,2,2,2,2,2,2,2,2,2,2,7_30794966_54614716,3,3,3,3,3,3,3,3,3,3,3,chr5,30794966,54614716
2,21458379,2,2,2,2,2,2,2,2,2,2,2,14_106370437_107283126,2,2,2,2,2,2,2,2,2,2,2,chr2,106370437,107283126
1,180284327,2,2,2,2,2,2,2,2,2,2,2,8_3087687_43838886,3,3,3,3,3,3,3,3,3,3,3,chr1,3087687,43838886
9,36203121,2,2,2,2,2,2,2,2,2,2,2,10_105197684_105207301,1,1,2,2,2,2,1,1,1,2,2,chr9,105197684,105207301
10,98543501,2,2,2,2,2,2,2,2,2,2,2,5_50057782_54424264,2,2,2,2,2,2,2,2,2,2,3,chr10,50057782,54424264
1,151733679,2,2,2,2,2,2,2,2,2,2,2,9_139324680_141070335,3,3,3,3,3,3,3,3,3,3,3,chr1,139324680,141070335
13,6880202,3,3,3,3,3,3,3,3,3,3,3,14_20215941_22320857,2,2,2,2,2,2,2,2,2,2,2,chr13,20215941,22320857
18,25370582,1,1,2,1,1,1,1,1,1,1,2,9_22447094_43818062,2,2,2,2,2,2,2,2,2,2,2,chr18,22447094,43818062
2,164043369,2,2,2,2,2,2,2,2,2,2,2,11_71290740_114421721,2,2,2,2,2,2,2,2,2,2,2,chr2,71290740,114421721
6,14502249,2,2,2,2,2,2,2,2,2,2,2,12_125603039_133810949,3,3,3,3,3,3,3,3,3,3,3,chr6,125603039,133810949
4,188816327,2,2,2,2,2,2,2,2,2,2,2,5_178411315_180687830,3,3,3,3,3,3,3,3,3,3,3,chr4,178411315,180687830
8,119618757,2,2,2,2,2,2,2,2,2,2,2,2_234428431_239342241,3,3,3,3,3,3,3,3,3,3,3,chr8,234428431,239342241
5,107578974,2,2,2,2,2,2,2,2,2,2,2,6_80579937_90333161,3,3,3,3,3,3,3,3,3,3,3,chr5,80579937,90333161
1,225310298,2,2,2,2,2,2,2,2,2,2,2,12_52680104_52681533,4,4,4,4,4,4,4,4,4,4,4,chr1,52680104,52681533
15,67625507,2,2,2,2,2,2,2,2,2,2,2,19_281376_6312551,3,3,3,3,3,3,3,3,3,3,3,chr15,281376,6312551
18,40848410,4,4,4,4,4,4,4,4,4,4,4,11_114421967_123754063,2,2,2,2,2,2,2,2,2,2,2,chr18,114421967,123754063
12,44773653,2,2,2,2,2,2,2,2,2,2,2,20_68264_26369568,2,2,2,2,2,2,2,2,2,2,2,chr12,68264,26369568
15,9401336,2,2,2,2,2,2,2,2,2,2,2,6_33391163_58830165,4,4,4,4,4,4,4,4,4,4,4,chr15,33391163,58830165
15,56039232,4,4,4,4,4,4,4,4,4,4,4,9_127539622_132985519,2,2,2,2,2,2,2,2,2,2,2,chr15,127539622,132985519
20,28498451,1,1,2,2,2,1,1,1,1,2,2,12_208351_1042103,2,2,2,2,2,2,2,2,2,2,2,chr20,208351,1042103
2,227488508,2,2,2,2,2,2,2,2,2,2,2,21_14288130_41033062,4,4,4,4,4,4,4,4,4,4,4,chr2,14288130,41033062
4,53870128,2,2,2,2,2,2,2,2,2,2,2,5_78317413_178410298,3,3,3,3,3,3,3,3,3,3,3,chr4,78317413,178410298
19,33858538,2,2,2,2,2,2,2,2,2,2,2,9_154795_20988426,3,3,3,3,3,3,3,3,3,3,3,chr19,154795,20988426
1,36553361,1,1,2,2,1,1,1,1,1,2,2,16_20601889_28181093,2,2,2,2,2,2,2,2,2,2,2,chr1,20601889,28181093
8,134315476,2,2,2,2,2,2,2,2,2,2,2,15_40914631_42003166,2,2,2,2,2,2,2,2,2,2,2,chr8,40914631,42003166
4,101493740,3,3,3,3,3,3,3,3,3,3,3,1_145415390_152127272,2,2,2,2,2,2,2,2,2,2,2,chr4,145415390,152127272
11,120956800,2,2,2,2,2,2,2,2,2,2,2,17_20914635_21450122,2,2,2,2,2,2,2,2,2,2,2,chr11,20914635,21450122
19,41204757,2,2,2,2,2,2,2,2,2,2,2,3_58625940_90264862,3,3,3,3,3,3,3,3,3,3,3,chr19,58625940,90264862
12,101847362,3,3,3,3,3,3,3,3,3,3,3,17_4109796_8243469,2,2,2,2,2,2,2,2,2,2,2,chr12,4109796,8243469
5,143198459,2,2,2,2,2,2,2,2,2,2,2,16_46508175_66527256,4,4,4,4,4,4,4,4,4,4,4,chr5,46508175,66527256
7,72375478,2,2,2,2,2,2,2,2,2,2,2,1_144860026_145414642,3,3,3,3,3,3,3,3,3,3,3,chr7,144860026,145414642
9,116306796,1,2,2,2,2,2,2,1,1,2,2,17_39680178_39881396,2,2,2,2,2,2,2,2,2,2,2,chr9,39680178,39881396
18,46707763,4,4,4,4,4,4,4,4,4,4,4,4_52660118_190878661,4,4,4,4,4,4,4,4,4,4,4,chr18,52660118,190878661
2,125560335,2,2,2,2,2,2,2,2,2,1,2,21_41033104_48084340,2,2,2,2,2,2,2,2,2,2,2,chr2,41033104,48084340
7,85006113,4,4,4,4,4,4,4,4,4,4,4,6_72947496_80517073,2,2,2,2,2,2,2,2,2,2,2,chr7,72947496,80517073
7,87890878,2,2,2,2,2,2,2,2,2,2,2,19_29567134_41765799,3,2,2,2,2,2,2,3,3,2,2,chr7,29567134,41765799
1,105270197,0,0,2,2,2,2,0,0,0,2,2,7_56087236_57529604,4,4,2,2,2,2,4,4,4,2,2,chr1,56087236,57529604
4,175723814,2,2,2,2,2,2,2,2,2,2,2,11_46898760_47827894,3,3,3,3,3,3,3,3,3,3,3,chr4,46898760,47827894
17,36001210,2,2,2,2,2,2,2,2,2,2,2,1_152127682_153363085,2,2,2,2,2,2,2,2,2,2,2,chr17,152127682,153363085
19,55170209,1,2,2,2,2,2,2,2,1,2,2,4_39343935_40504281,2,2,2,2,2,2,2,2,2,2,2,chr19,39343935,40504281
16,18685848,4,4,4,4,4,4,4,4,4,4,4,7_2257612_5330865,4,4,4,4,4,4,4,4,4,4,4,chr16,2257612,5330865
14,30812095,4,4,4,4,4,4,4,4,4,4,4,15_42109910_90245255,4,4,4,4,4,4,4,4,4,4,4,chr14,42109910,90245255
4,110831620,3,3,2,2,2,2,3,3,3,2,2,18_29672559_77960841,2,2,2,2,2,2,2,2,2,2,2,chr4,29672559,77960841
17,59717129,2,2,2,2,2,2,2,2,2,2,2,6_90333240_90372421,0,0,0,0,0,0,0,0,0,0,0,chr17,90333240,90372421
3,118514363,3,3,3,3,3,3,3,3,3,3,3,1_6211118_7811306,3,3,3,3,3,3,3,3,3,3,3,chr3,6211118,7811306
11,47598052,2,2,2,2,2,2,2,2,2,2,3,1_3427341_6188678,2,2,2,2,2,2,2,2,2,2,2,chr11,3427341,6188678
2,25060970,4,4,4,4,4,4,4,4,4,4,4,6_71276570_72113243,2,2,2,2,2,2,2,2,2,2,2,chr2,71276570,72113243
19,55497909,4,2,2,2,2,2,2,4,4,2,2,16_11369930_20357506,0,2,2,2,2,2,2,0,0,2,2,chr19,11369930,20357506
19,44101678,2,2,2,2,2,2,2,2,2,2,2,12_7241570_9229335,1,1,2,1,1,1,1,1,1,1,2,chr19,7241570,9229335
15,92071811,3,3,3,3,3,3,3,3,3,3,3,19_55019261_59083902,3,3,3,3,3,3,3,3,3,3,3,chr15,55019261,59083902
16,59365785,1,1,2,2,2,1,1,1,1,2,2,19_46623540_54976645,2,2,2,2,2,2,2,2,2,2,2,chr16,46623540,54976645
5,112921250,4,4,4,4,4,4,4,4,4,4,4,6_90372634_160524825,2,2,2,2,2,2,2,2,2,2,2,chr5,90372634,160524825
13,85249240,4,4,4,4,4,4,4,4,4,4,4,17_31266488_38712100,4,4,4,4,4,4,4,4,4,4,4,chr13,31266488,38712100
8,55671296,4,4,4,4,4,4,4,4,4,4,4,11_56508482_70757705,0,0,0,0,0,0,0,0,0,0,0,chr8,56508482,70757705
10,16149328,2,2,2,2,2,2,2,2,2,4,2,13_111098226_111156592,2,2,2,2,2,2,2,2,2,0,2,chr10,111098226,111156592
17,23644753,2,2,2,2,2,2,2,2,2,2,2,20_55758791_62959363,2,2,2,2,2,2,2,2,2,2,2,chr17,55758791,62959363
8,65880460,1,1,2,2,1,1,1,1,1,2,2,19_11406878_14736332,2,2,2,2,2,2,2,2,2,2,2,chr8,11406878,14736332
6,38425204,2,2,2,2,2,2,2,2,2,2,2,19_41774064_42947097,4,4,4,4,4,4,4,4,4,4,4,chr6,41774064,42947097
16,76108148,2,2,2,2,2,2,2,2,2,2,2,2_41509_3815485,2,2,2,2,2,2,2,2,2,2,2,chr16,41509,3815485
6,126781345,1,2,2,2,2,2,2,2,1,2,2,10_104248087_105194760,2,2,2,2,2,2,2,2,2,2,2,chr6,104248087,105194760
7,145155721,0,0,2,2,0,0,0,0,0,2,2,2_95715445_234394373,4,4,2,2,4,4,4,4,4,2,2,chr7,95715445,234394373
13,51611305,2,2,2,2,2,2,2,2,2,2,2,10_104242976_104248008,4,4,4,4,4,4,4,4,4,4,4,chr13,104242976,104248008
3,70403142,2,2,2,2,2,2,2,2,2,2,2,11_55035766_56431736,2,2,2,2,2,2,2,2,2,2,2,chr3,55035766,56431736
7,116191815,2,2,2,2,2,2,2,2,2,1,2,13_111158796_115091783,2,2,2,2,2,2,2,2,2,2,2,chr7,111158796,115091783
14,60641850,1,1,2,2,1,1,1,1,1,2,2,7_30728472_30793532,2,2,2,2,2,2,2,2,2,2,2,chr14,30728472,30793532
3,126290800,4,4,4,4,4,4,4,4,4,4,4,17_15905190_20140092,2,2,2,2,2,2,2,2,2,2,2,chr3,15905190,20140092
12,113955082,4,4,4,4,4,4,4,4,4,4,4,14_22320876_22322613,0,0,0,0,0,0,0,0,0,0,0,chr12,22320876,22322613
3,95505184,4,4,4,4,4,4,4,4,4,4,4,6_160524860_170893697,4,4,4,4,4,4,4,4,4,4,4,chr3,160524860,170893697
8,24780457,0,0,2,2,2,0,0,0,0,2,2,3_56705578_58416583,4,4,2,2,2,4,4,4,4,2,2,chr8,56705578,58416583
8,108527109,2,2,2,2,2,2,2,2,2,2,2,17_5953_4109739,2,2,2,2,2,2,2,2,2,2,2,chr8,5953,4109739
2,231268784,3,3,3,3,3,3,3,3,3,3,3,14_24970942_31380367,3,3,3,3,3,3,3,3,3,3,3,chr2,24970942,31380367
7,128449344,3,3,2,2,2,3,3,3,3,2,2,1_156233143_156351781,2,2,2,2,2,2,2,2,2,2,2,chr7,156233143,156351781
8,9229069,2,2,2,2,2,2,2,2,2,0,2,7_193245_2255974,2,2,2,2,2,2,2,2,2,4,2,chr8,193245,2255974
1,58749452,3,3,3,3,3,3,3,3,3,3,3,11_5526548_6007743,2,2,2,2,2,2,2,2,2,2,2,chr1,5526548,6007743
4,58186535,4,4,4,4,4,4,4,4,4,4,4,11_193797_836914,2,2,2,2,2,2,2,2,2,2,2,chr4,193797,836914
14,51303185,3,2,2,2,2,2,2,2,2,2,2,9_20990099_22447071,2,2,2,2,2,2,2,2,2,2,2,chr14,20990099,22447071
17,61711377,2,2,2,2,2,2,2,2,2,2,2,7_142099988_142494009,3,3,3,3,3,3,3,3,3,3,3,chr17,142099988,142494009
7,30533464,2,3,2,2,2,2,2,2,2,2,2,3_10320771_46943209,2,3,2,2,2,2,2,2,2,2,2,chr7,10320771,46943209
1,183572545,2,2,2,2,2,2,2,2,2,2,2,10_95074_39254934,3,3,2,2,2,3,3,3,3,2,2,chr1,95074,39254934
